Previsao,Desvio.Padrao,Data
-5.25296842183557e-4,0.017565642794051487,2023-06-27
