Previsao,Sigma
-,-
124.100915759521,1.74846751803062
