Previsao,Desvio.Padrao,Data
-5.82317645906784e-4,0.017624091395293827,2023-06-27
