Previsao,Sigma
-,-
124.100866838134,1.74846583093776
